{
  "project_info": {
    "project_number": "67648348723",
    "project_id": "mdi-tolist",
    "storage_bucket": "mdi-tolist.firebasestorage.app"
  },
  "client": [
    {
      "client_info": {
        "mobilesdk_app_id": "1:67648348723:android:5223579d7edfdfddbb7946",
        "android_client_info": {
          "package_name": "com.example.todolist"
        }
      },
      "oauth_client": [],
      "api_key": [
        {
          "current_key": "AIzaSyDI3icH8c-KVCedYqUvoHRe19czZ5EMxO4"
        }
      ],
      "services": {
        "appinvite_service": {
          "other_platform_oauth_client": []
        }
      }
    }
  ],
  "configuration_version": "1"
}